Id,Old Attachment Id,File Name,File Id,Size,Created Time,Modified Time,Created By.id,Modified By.id,Owner.id,Parent.id
ubzfj3598124454b94c3da841fda9d5d7af46_Marlon Passport.png,zcrm_5861855000016146641,Marlon Passport.png,ubzfj3598124454b94c3da841fda9d5d7af46,657358,2024-08-23 10:55:49,2024-08-23 10:55:49,zcrm_5861855000000432001,zcrm_5861855000000432001,zcrm_5861855000000432001,zcrm_5861855000016146640
ubzfj6c3a432591ea44f6a195ed1ccfe22862_SRVCOA29-IMAGE-This_is_a_Test.png,zcrm_5861855000016160006,SRVCOA29-IMAGE-This_is_a_Test.png,ubzfj6c3a432591ea44f6a195ed1ccfe22862,657358,2024-08-23 11:07:05,2024-08-23 11:07:05,zcrm_5861855000000432001,zcrm_5861855000000432001,zcrm_5861855000000432001,zcrm_5861855000016160001
ubzfj7b346309a54a4771b440be95b0db3fff_SRVCOA29-IMAGE-This_is_a_Test_1.png,zcrm_5861855000016160007,SRVCOA29-IMAGE-This_is_a_Test_1.png,ubzfj7b346309a54a4771b440be95b0db3fff,657249,2024-08-23 11:07:05,2024-08-23 11:07:05,zcrm_5861855000000432001,zcrm_5861855000000432001,zcrm_5861855000000432001,zcrm_5861855000016160001
ubzfj1da70930b672496bb2fe529ddc7eb0ef_SRVCOA31-IMAGE-HELEN_GABRIELA_RODRIGUEZ_CARIAS.png,zcrm_5861855000016161008,SRVCOA31-IMAGE-HELEN_GABRIELA_RODRIGUEZ_CARIAS.png,ubzfj1da70930b672496bb2fe529ddc7eb0ef,701827,2024-08-23 12:05:26,2024-08-23 12:05:26,zcrm_5861855000000432001,zcrm_5861855000000432001,zcrm_5861855000000432001,zcrm_5861855000016161007
ubzfj429540a232d54543abd5c7088825a04d_SRVCOA30-IMAGE-KATERINE_CLARISSA_ULLOA_RIVERA.png,zcrm_5861855000016165002,SRVCOA30-IMAGE-KATERINE_CLARISSA_ULLOA_RIVERA.png,ubzfj429540a232d54543abd5c7088825a04d,885006,2024-08-23 11:23:10,2024-08-23 11:23:10,zcrm_5861855000000432001,zcrm_5861855000000432001,zcrm_5861855000000432001,zcrm_5861855000016165001
ubzfj23901813ae094f74896fb2cedd17c17f_SRVCOA33-IMAGE-JONATHAN_ANDRES_COLULA_CRUZ.png,zcrm_5861855000016173008,SRVCOA33-IMAGE-JONATHAN_ANDRES_COLULA_CRUZ.png,ubzfj23901813ae094f74896fb2cedd17c17f,477849,2024-08-23 12:14:09,2024-08-23 12:14:09,zcrm_5861855000000432001,zcrm_5861855000000432001,zcrm_5861855000000432001,zcrm_5861855000016173007
ubzfj01400fdb7d6240bdbf8db101c94f8e94_SRVCOA32-IMAGE-MINERVA_PINEDA_INIGUEZ.png,zcrm_5861855000016174002,SRVCOA32-IMAGE-MINERVA_PINEDA_INIGUEZ.png,ubzfj01400fdb7d6240bdbf8db101c94f8e94,563370,2024-08-23 12:12:35,2024-08-23 12:12:35,zcrm_5861855000000432001,zcrm_5861855000000432001,zcrm_5861855000000432001,zcrm_5861855000016174001
a8pz92002aff46cbf45ed91b389128ebbf165_SRVCOA34-IMAGE-NELSON_OMAR_RAMIREZ_VENTURA.png,zcrm_5861855000016454002,SRVCOA34-IMAGE-NELSON_OMAR_RAMIREZ_VENTURA.png,a8pz92002aff46cbf45ed91b389128ebbf165,842264,2024-09-10 16:08:54,2024-09-10 16:08:54,zcrm_5861855000000432001,zcrm_5861855000000432001,zcrm_5861855000000432001,zcrm_5861855000016454001
a8pz9f6facab006644a3783ef71617879ea71_SRVCOA35-IMAGE-RAMON_GARCIA_MULATO.png,zcrm_5861855000016456002,SRVCOA35-IMAGE-RAMON_GARCIA_MULATO.png,a8pz9f6facab006644a3783ef71617879ea71,843018,2024-09-10 16:10:28,2024-09-10 16:10:28,zcrm_5861855000000432001,zcrm_5861855000000432001,zcrm_5861855000000432001,zcrm_5861855000016456001
a8pz9cc8755a883c7464283b70d81671ed51f_SRVCOA36-IMAGE-LESBIA_BEYANIRA_RIVERA_OVIEDO.png,zcrm_5861855000016458002,SRVCOA36-IMAGE-LESBIA_BEYANIRA_RIVERA_OVIEDO.png,a8pz9cc8755a883c7464283b70d81671ed51f,725907,2024-09-10 16:12:03,2024-09-10 16:12:03,zcrm_5861855000000432001,zcrm_5861855000000432001,zcrm_5861855000000432001,zcrm_5861855000016458001
k4dtoa00302aad01e4cd9a0a4655988b73781_SRVCOA37-IMAGE-MARIBEL_VALDEZ_REYES.png,zcrm_5861855000016787002,SRVCOA37-IMAGE-MARIBEL_VALDEZ_REYES.png,k4dtoa00302aad01e4cd9a0a4655988b73781,866912,2024-10-11 07:28:21,2024-10-11 07:28:21,zcrm_5861855000000432001,zcrm_5861855000000432001,zcrm_5861855000000432001,zcrm_5861855000016787001
